"comparison","direct","indirect","diff","p"
"GLP-1RA:GLP-1RA + Metformin",0,-4.46718600000001,4.46718600000001,0.317310504094327
"GLP-1RA:Metformin",-2.032922,1.42865710363892,-3.46157910363892,0.317310504094327
"GLP-1RA + Metformin:Metformin",-0.718616728843043,NA,NA,NA
