"comparison","direct","indirect","diff","p"
"GLP-1RA:GLP-1RA + Metformin",-0.842189456701418,-0.444133440884432,-0.398056015816986,0.854826590023384
"GLP-1RA:Metformin",0.235089377270739,-0.493117282130043,0.728206659400782,0.756968764696313
"GLP-1RA:Placebo",3.1607063018661,NA,NA,NA
"GLP-1RA + Metformin:Metformin",0.847817663263679,0.30832189852684,0.539495764736839,0.826465929972165
"GLP-1RA + Metformin:Placebo",NA,3.85181540943438,NA,NA
"Placebo:Metformin",NA,-3.08355146151341,NA,NA
