"comparison","direct","indirect","diff","p"
"GLP-1RA:GLP-1RA + Metformin",-0.654615,0.469074477357521,-1.12368947735752,0.147531509532722
"GLP-1RA:Metformin",0.591433924213889,-1.35212821728901,1.9435621415029,0.108229010599409
"GLP-1RA:Placebo",4.129546,NA,NA,NA
"GLP-1RA + Metformin:Metformin",0.590989666811593,1.57438987439187,-0.983400207580276,0.481826053239423
"GLP-1RA + Metformin:Placebo",NA,4.32253047902737,NA,NA
"Placebo:Metformin",NA,-3.68510427664803,NA,NA
