"comparison","direct","indirect","diff","p"
"GLP-1RA:GLP-1RA + Metformin",0,-4.44560066280243,4.44560066280243,0.122235310335924
"GLP-1RA:Metformin",-2.032922,0.911215515477507,-2.94413751547751,0.122235310335924
"GLP-1RA + Metformin:Metformin",-0.236070737358133,NA,NA,NA
