"comparison","direct","indirect","diff","p"
"GLP-1RA:GLP-1RA + Metformin",-0.790080611290602,-0.356354708221935,-0.433725903068667,0.835525304046413
"GLP-1RA:Metformin",0.309679834211923,-0.495423139740244,0.805102973952166,0.721304398329719
"GLP-1RA:Placebo",3.20230395055731,NA,NA,NA
"GLP-1RA + Metformin:Metformin",0.786510319235915,0.358002036152094,0.428508283083821,0.859036739106835
"GLP-1RA + Metformin:Placebo",NA,3.81541212689936,NA,NA
"Placebo:Metformin",NA,-3.08084759849728,NA,NA
