"comparison","direct","indirect","diff","p"
"GLP-1RA:GLP-1RA + Metformin",-0.83811181548286,-0.352591458836602,-0.485520356646258,0.58919410265625
"GLP-1RA:Metformin",0.22912426976612,-0.523862928771658,0.752987198537779,0.43100786603395
"GLP-1RA:Placebo",0,NA,NA,NA
"GLP-1RA + Metformin:Metformin",0.763150541084635,0.33027763081904,0.432872910265595,0.671198629890683
"GLP-1RA + Metformin:Placebo",NA,0.64806305204754,NA,NA
"Placebo:Metformin",NA,0.0520167520756191,NA,NA
