"comparison","direct","indirect","diff","p"
"GLP-1RA:GLP-1RA + Metformin",-0.789982496743202,-0.286878376547449,-0.503104120195754,0.541332616610539
"GLP-1RA:Metformin",0.300031996404331,-0.500101781363429,0.800133777767761,0.359937289726878
"GLP-1RA:Placebo",-0.193412,NA,NA,NA
"GLP-1RA + Metformin:Metformin",0.712080487243326,0.384481374453825,0.327599112789501,0.730779183036798
"GLP-1RA + Metformin:Placebo",NA,0.384557080873598,NA,NA
"Placebo:Metformin",NA,0.28895944489998,NA,NA
